{"frames":{"red0.png":{"frame":{"x":0,"y":0,"w":72,"h":41},"rotated":false,"trimmed":false,"spriteSourceSize":{"x":0,"y":0,"w":72,"h":41},"sourceSize":{"w":72,"h":41}},"red1.png":{"frame":{"x":72,"y":0,"w":72,"h":41},"rotated":false,"trimmed":false,"spriteSourceSize":{"x":0,"y":0,"w":72,"h":41},"sourceSize":{"w":72,"h":41}},"red2.png":{"frame":{"x":0,"y":41,"w":72,"h":41},"rotated":false,"trimmed":false,"spriteSourceSize":{"x":0,"y":0,"w":72,"h":41},"sourceSize":{"w":72,"h":41}},"red3.png":{"frame":{"x":72,"y":41,"w":72,"h":41},"rotated":false,"trimmed":false,"spriteSourceSize":{"x":0,"y":0,"w":72,"h":41},"sourceSize":{"w":72,"h":41}},"red4.png":{"frame":{"x":0,"y":82,"w":72,"h":41},"rotated":false,"trimmed":false,"spriteSourceSize":{"x":0,"y":0,"w":72,"h":41},"sourceSize":{"w":72,"h":41}},"red5.png":{"frame":{"x":72,"y":82,"w":72,"h":41},"rotated":false,"trimmed":false,"spriteSourceSize":{"x":0,"y":0,"w":72,"h":41},"sourceSize":{"w":72,"h":41}},"red6.png":{"frame":{"x":0,"y":123,"w":72,"h":41},"rotated":false,"trimmed":false,"spriteSourceSize":{"x":0,"y":0,"w":72,"h":41},"sourceSize":{"w":72,"h":41}},"red7.png":{"frame":{"x":72,"y":123,"w":72,"h":41},"rotated":false,"trimmed":false,"spriteSourceSize":{"x":0,"y":0,"w":72,"h":41},"sourceSize":{"w":72,"h":41}}},"meta":{"app":"https://github.com/piskelapp/piskel/","version":"1.0","image":"red.png","format":"RGBA8888","size":{"w":144,"h":164}}}