{"frames":{"coin0.png":{"frame":{"x":0,"y":0,"w":45,"h":47},"rotated":false,"trimmed":false,"spriteSourceSize":{"x":0,"y":0,"w":45,"h":47},"sourceSize":{"w":45,"h":47}},"coin1.png":{"frame":{"x":45,"y":0,"w":45,"h":47},"rotated":false,"trimmed":false,"spriteSourceSize":{"x":0,"y":0,"w":45,"h":47},"sourceSize":{"w":45,"h":47}},"coin2.png":{"frame":{"x":90,"y":0,"w":45,"h":47},"rotated":false,"trimmed":false,"spriteSourceSize":{"x":0,"y":0,"w":45,"h":47},"sourceSize":{"w":45,"h":47}},"coin3.png":{"frame":{"x":0,"y":47,"w":45,"h":47},"rotated":false,"trimmed":false,"spriteSourceSize":{"x":0,"y":0,"w":45,"h":47},"sourceSize":{"w":45,"h":47}},"coin4.png":{"frame":{"x":45,"y":47,"w":45,"h":47},"rotated":false,"trimmed":false,"spriteSourceSize":{"x":0,"y":0,"w":45,"h":47},"sourceSize":{"w":45,"h":47}},"coin5.png":{"frame":{"x":90,"y":47,"w":45,"h":47},"rotated":false,"trimmed":false,"spriteSourceSize":{"x":0,"y":0,"w":45,"h":47},"sourceSize":{"w":45,"h":47}}},"meta":{"app":"https://github.com/piskelapp/piskel/","version":"1.0","image":"coin.png","format":"RGBA8888","size":{"w":135,"h":94}}}