{"frames":{"blue0.png":{"frame":{"x":0,"y":0,"w":64,"h":51},"rotated":false,"trimmed":false,"spriteSourceSize":{"x":0,"y":0,"w":64,"h":51},"sourceSize":{"w":64,"h":51}},"blue1.png":{"frame":{"x":64,"y":0,"w":64,"h":51},"rotated":false,"trimmed":false,"spriteSourceSize":{"x":0,"y":0,"w":64,"h":51},"sourceSize":{"w":64,"h":51}},"blue2.png":{"frame":{"x":0,"y":51,"w":64,"h":51},"rotated":false,"trimmed":false,"spriteSourceSize":{"x":0,"y":0,"w":64,"h":51},"sourceSize":{"w":64,"h":51}},"blue3.png":{"frame":{"x":64,"y":51,"w":64,"h":51},"rotated":false,"trimmed":false,"spriteSourceSize":{"x":0,"y":0,"w":64,"h":51},"sourceSize":{"w":64,"h":51}},"blue4.png":{"frame":{"x":0,"y":102,"w":64,"h":51},"rotated":false,"trimmed":false,"spriteSourceSize":{"x":0,"y":0,"w":64,"h":51},"sourceSize":{"w":64,"h":51}}},"meta":{"app":"https://github.com/piskelapp/piskel/","version":"1.0","image":"blue.png","format":"RGBA8888","size":{"w":128,"h":153}}}