{"frames":{"portal0.png":{"frame":{"x":0,"y":0,"w":120,"h":65},"rotated":false,"trimmed":false,"spriteSourceSize":{"x":0,"y":0,"w":120,"h":65},"sourceSize":{"w":120,"h":65}},"portal1.png":{"frame":{"x":120,"y":0,"w":120,"h":65},"rotated":false,"trimmed":false,"spriteSourceSize":{"x":0,"y":0,"w":120,"h":65},"sourceSize":{"w":120,"h":65}},"portal2.png":{"frame":{"x":240,"y":0,"w":120,"h":65},"rotated":false,"trimmed":false,"spriteSourceSize":{"x":0,"y":0,"w":120,"h":65},"sourceSize":{"w":120,"h":65}},"portal3.png":{"frame":{"x":0,"y":65,"w":120,"h":65},"rotated":false,"trimmed":false,"spriteSourceSize":{"x":0,"y":0,"w":120,"h":65},"sourceSize":{"w":120,"h":65}},"portal4.png":{"frame":{"x":120,"y":65,"w":120,"h":65},"rotated":false,"trimmed":false,"spriteSourceSize":{"x":0,"y":0,"w":120,"h":65},"sourceSize":{"w":120,"h":65}},"portal5.png":{"frame":{"x":240,"y":65,"w":120,"h":65},"rotated":false,"trimmed":false,"spriteSourceSize":{"x":0,"y":0,"w":120,"h":65},"sourceSize":{"w":120,"h":65}},"portal6.png":{"frame":{"x":0,"y":130,"w":120,"h":65},"rotated":false,"trimmed":false,"spriteSourceSize":{"x":0,"y":0,"w":120,"h":65},"sourceSize":{"w":120,"h":65}},"portal7.png":{"frame":{"x":120,"y":130,"w":120,"h":65},"rotated":false,"trimmed":false,"spriteSourceSize":{"x":0,"y":0,"w":120,"h":65},"sourceSize":{"w":120,"h":65}},"portal8.png":{"frame":{"x":240,"y":130,"w":120,"h":65},"rotated":false,"trimmed":false,"spriteSourceSize":{"x":0,"y":0,"w":120,"h":65},"sourceSize":{"w":120,"h":65}},"portal9.png":{"frame":{"x":0,"y":195,"w":120,"h":65},"rotated":false,"trimmed":false,"spriteSourceSize":{"x":0,"y":0,"w":120,"h":65},"sourceSize":{"w":120,"h":65}},"portal10.png":{"frame":{"x":120,"y":195,"w":120,"h":65},"rotated":false,"trimmed":false,"spriteSourceSize":{"x":0,"y":0,"w":120,"h":65},"sourceSize":{"w":120,"h":65}},"portal11.png":{"frame":{"x":240,"y":195,"w":120,"h":65},"rotated":false,"trimmed":false,"spriteSourceSize":{"x":0,"y":0,"w":120,"h":65},"sourceSize":{"w":120,"h":65}},"portal12.png":{"frame":{"x":0,"y":260,"w":120,"h":65},"rotated":false,"trimmed":false,"spriteSourceSize":{"x":0,"y":0,"w":120,"h":65},"sourceSize":{"w":120,"h":65}},"portal13.png":{"frame":{"x":120,"y":260,"w":120,"h":65},"rotated":false,"trimmed":false,"spriteSourceSize":{"x":0,"y":0,"w":120,"h":65},"sourceSize":{"w":120,"h":65}},"portal14.png":{"frame":{"x":240,"y":260,"w":120,"h":65},"rotated":false,"trimmed":false,"spriteSourceSize":{"x":0,"y":0,"w":120,"h":65},"sourceSize":{"w":120,"h":65}},"portal15.png":{"frame":{"x":0,"y":325,"w":120,"h":65},"rotated":false,"trimmed":false,"spriteSourceSize":{"x":0,"y":0,"w":120,"h":65},"sourceSize":{"w":120,"h":65}},"portal16.png":{"frame":{"x":120,"y":325,"w":120,"h":65},"rotated":false,"trimmed":false,"spriteSourceSize":{"x":0,"y":0,"w":120,"h":65},"sourceSize":{"w":120,"h":65}},"portal17.png":{"frame":{"x":240,"y":325,"w":120,"h":65},"rotated":false,"trimmed":false,"spriteSourceSize":{"x":0,"y":0,"w":120,"h":65},"sourceSize":{"w":120,"h":65}},"portal18.png":{"frame":{"x":0,"y":390,"w":120,"h":65},"rotated":false,"trimmed":false,"spriteSourceSize":{"x":0,"y":0,"w":120,"h":65},"sourceSize":{"w":120,"h":65}},"portal19.png":{"frame":{"x":120,"y":390,"w":120,"h":65},"rotated":false,"trimmed":false,"spriteSourceSize":{"x":0,"y":0,"w":120,"h":65},"sourceSize":{"w":120,"h":65}},"portal20.png":{"frame":{"x":240,"y":390,"w":120,"h":65},"rotated":false,"trimmed":false,"spriteSourceSize":{"x":0,"y":0,"w":120,"h":65},"sourceSize":{"w":120,"h":65}},"portal21.png":{"frame":{"x":0,"y":455,"w":120,"h":65},"rotated":false,"trimmed":false,"spriteSourceSize":{"x":0,"y":0,"w":120,"h":65},"sourceSize":{"w":120,"h":65}}},"meta":{"app":"https://github.com/piskelapp/piskel/","version":"1.0","image":"portal.png","format":"RGBA8888","size":{"w":360,"h":520}}}